<?xml version="1.0" encoding="utf-8"?>
<asx:abap xmlns:asx="http://www.sap.com/abapxml" version="1.0">
	<asx:values>
		<HEADER_DATA>
			<item>
				<KEY>UsageSysOperatingSsystem</KEY>
				<VALUE>Linux</VALUE>
			</item>
			<item>
				<KEY>UsageSysDatabaseSysType</KEY>
				<VALUE>ORACLE</VALUE>
			</item>
			<item>
				<KEY>UsageSysDatabaseSysName</KEY>
				<VALUE>PTP</VALUE>
			</item>
			<item>
				<KEY>UsageSysKernelRelease</KEY>
				<VALUE>722</VALUE>
			</item>
			<item>
				<KEY>UsageSysOPSystemRelease</KEY>
				<VALUE>4.12.14-122.139-default</VALUE>
			</item>
			<item>
				<KEY>UsageSystemUnicode</KEY>
				<VALUE>N</VALUE>
			</item>
			<item>
				<KEY>UsageSystemInstallationNum</KEY>
				<VALUE>0020270862</VALUE>
			</item>
		</HEADER_DATA>
		<PRODUCT_VERSION/>
		<SW_COMPONENT>
			<item>
				<COMPONENT>SAP_BASIS</COMPONENT>
				<RELEASE>700</RELEASE>
				<EXTRELEASE>0039</EXTRELEASE>
			</item>
			<item>
				<COMPONENT>SAP_ABA</COMPONENT>
				<RELEASE>700</RELEASE>
				<EXTRELEASE>0039</EXTRELEASE>
			</item>
			<item>
				<COMPONENT>PI_BASIS</COMPONENT>
				<RELEASE>2006_1_700</RELEASE>
				<EXTRELEASE>0029</EXTRELEASE>
			</item>
			<item>
				<COMPONENT>ST-PI</COMPONENT>
				<RELEASE>2008_1_700</RELEASE>
				<EXTRELEASE>0006</EXTRELEASE>
			</item>
			<item>
				<COMPONENT>AAK_COFI</COMPONENT>
				<RELEASE>200</RELEASE>
				<EXTRELEASE>0000</EXTRELEASE>
			</item>
			<item>
				<COMPONENT>SAP_BW</COMPONENT>
				<RELEASE>700</RELEASE>
				<EXTRELEASE>0041</EXTRELEASE>
			</item>
			<item>
				<COMPONENT>GRCPINW</COMPONENT>
				<RELEASE>V1000_700</RELEASE>
				<EXTRELEASE>0013</EXTRELEASE>
			</item>
			<item>
				<COMPONENT>SAP_AP</COMPONENT>
				<RELEASE>700</RELEASE>
				<EXTRELEASE>0040</EXTRELEASE>
			</item>
			<item>
				<COMPONENT>SAP_APPL</COMPONENT>
				<RELEASE>600</RELEASE>
				<EXTRELEASE>0035</EXTRELEASE>
			</item>
			<item>
				<COMPONENT>SAP_HR</COMPONENT>
				<RELEASE>600</RELEASE>
				<EXTRELEASE>0000</EXTRELEASE>
			</item>
			<item>
				<COMPONENT>AOFTOOLS</COMPONENT>
				<RELEASE>500_700</RELEASE>
				<EXTRELEASE>0000</EXTRELEASE>
			</item>
		</SW_COMPONENT>
		<IMPLEMENTED_NOTE>
			<item>
				<NUMBER>0000542850</NUMBER>
				<VERSION>0005</VERSION>
				<ATTRIBUTES>
					<THEMK>CO-OM-OPA-A</THEMK>
					<INSTA/>
					<MNUMM/>
					<MYEAR>0000</MYEAR>
				</ATTRIBUTES>
				<TEXT>Set.rule on top WBS: TIME OUT, termination, endless runtime</TEXT>
			</item>
			<item>
				<NUMBER>0000873603</NUMBER>
				<VERSION>0001</VERSION>
				<ATTRIBUTES>
					<THEMK>BC-TWB-TST-ECA</THEMK>
					<INSTA/>
					<MNUMM/>
					<MYEAR>0000</MYEAR>
				</ATTRIBUTES>
				<TEXT>Error in parameter transfer to Rerecord for TCD</TEXT>
			</item>
			<item>
				<NUMBER>0000894055</NUMBER>
				<VERSION>0007</VERSION>
				<ATTRIBUTES>
					<THEMK>XX-PROJ-RT-BD-DIS</THEMK>
					<INSTA/>
					<MNUMM/>
					<MYEAR>0000</MYEAR>
				</ATTRIBUTES>
				<TEXT>Fashion-Auslistung: Notwendige Korrekturen</TEXT>
			</item>
			<item>
				<NUMBER>0001158004</NUMBER>
				<VERSION>0008</VERSION>
				<ATTRIBUTES>
					<THEMK>BC-MID-ICF</THEMK>
					<INSTA/>
					<MNUMM/>
					<MYEAR>0000</MYEAR>
				</ATTRIBUTES>
				<TEXT>Fehlende Auswertung des Client-Zertifikates bei HTTP</TEXT>
			</item>
			<item>
				<NUMBER>0001223986</NUMBER>
				<VERSION>0004</VERSION>
				<ATTRIBUTES>
					<THEMK>MM-PUR-GF-IR</THEMK>
					<INSTA/>
					<MNUMM/>
					<MYEAR>0000</MYEAR>
				</ATTRIBUTES>
				<TEXT>MIRO: Incorrect posting to GR/IR in transaction currency</TEXT>
			</item>
			<item>
				<NUMBER>0001224272</NUMBER>
				<VERSION>0003</VERSION>
				<ATTRIBUTES>
					<THEMK>BC-MID-ICF</THEMK>
					<INSTA/>
					<MNUMM/>
					<MYEAR>0000</MYEAR>
				</ATTRIBUTES>
				<TEXT>Dediziertes Ausschalten der ICF Pufferung funktioniert nicht</TEXT>
			</item>
			<item>
				<NUMBER>0001271645</NUMBER>
				<VERSION>0007</VERSION>
				<ATTRIBUTES>
					<THEMK>BC-SRV-ARL</THEMK>
					<INSTA/>
					<MNUMM/>
					<MYEAR>0000</MYEAR>
				</ATTRIBUTES>
				<TEXT>Notes not created using proper codepage</TEXT>
			</item>
			<item>
				<NUMBER>0001274723</NUMBER>
				<VERSION>0005</VERSION>
				<ATTRIBUTES>
					<THEMK>LO-ECH</THEMK>
					<INSTA/>
					<MNUMM/>
					<MYEAR>0000</MYEAR>
				</ATTRIBUTES>
				<TEXT>Time stamps in the status report differ</TEXT>
			</item>
			<item>
				<NUMBER>0001303667</NUMBER>
				<VERSION>0003</VERSION>
				<ATTRIBUTES>
					<THEMK>IS-R-IFC-SO</THEMK>
					<INSTA/>
					<MNUMM/>
					<MYEAR>0000</MYEAR>
				</ATTRIBUTES>
				<TEXT>Missing items in PO during IDOC processing</TEXT>
			</item>
			<item>
				<NUMBER>0001313068</NUMBER>
				<VERSION>0008</VERSION>
				<ATTRIBUTES>
					<THEMK>0000030232</THEMK>
					<INSTA/>
					<MNUMM/>
					<MYEAR>0000</MYEAR>
				</ATTRIBUTES>
				<TEXT>tRFC transfer of pure IDoc hierarchies to PSA</TEXT>
			</item>
			<item>
				<NUMBER>0001321509</NUMBER>
				<VERSION>0010</VERSION>
				<ATTRIBUTES>
					<THEMK>IS-R-IFC-SO</THEMK>
					<INSTA/>
					<MNUMM/>
					<MYEAR>0000</MYEAR>
				</ATTRIBUTES>
				<TEXT>Account Assignment details missing in PO (IDOCS)</TEXT>
			</item>
			<item>
				<NUMBER>0001401412</NUMBER>
				<VERSION>0002</VERSION>
				<ATTRIBUTES>
					<THEMK>BC-FES-ITS</THEMK>
					<INSTA/>
					<MNUMM/>
					<MYEAR>0000</MYEAR>
				</ATTRIBUTES>
				<TEXT>Runtime Error bei Tabstrip auf IAC</TEXT>
			</item>
			<item>
				<NUMBER>0001405432</NUMBER>
				<VERSION>0001</VERSION>
				<ATTRIBUTES>
					<THEMK>BC-MID-ICF</THEMK>
					<INSTA/>
					<MNUMM/>
					<MYEAR>0000</MYEAR>
				</ATTRIBUTES>
				<TEXT>ICF Systemanmeldung, Löschen abgelaufener Anmeldetickets</TEXT>
			</item>
			<item>
				<NUMBER>0001410548</NUMBER>
				<VERSION>0004</VERSION>
				<ATTRIBUTES>
					<THEMK>BC-SEC</THEMK>
					<INSTA/>
					<MNUMM/>
					<MYEAR>0000</MYEAR>
				</ATTRIBUTES>
				<TEXT>Downport: Generating random values via PRNG</TEXT>
			</item>
			<item>
				<NUMBER>0001410968</NUMBER>
				<VERSION>0005</VERSION>
				<ATTRIBUTES>
					<THEMK>BC-FES-ITS</THEMK>
					<INSTA/>
					<MNUMM/>
					<MYEAR>0000</MYEAR>
				</ATTRIBUTES>
				<TEXT>SAP GUI for HTML: Sicherheitswarnung bei HTTPS-Anfrage</TEXT>
			</item>
			<item>
				<NUMBER>0001415731</NUMBER>
				<VERSION>0005</VERSION>
				<ATTRIBUTES>
					<THEMK>BC-MID-ICF</THEMK>
					<INSTA/>
					<MNUMM/>
					<MYEAR>0000</MYEAR>
				</ATTRIBUTES>
				<TEXT>ICF Systemanmeldung, Mandant und Sprache obligatorisch</TEXT>
			</item>
			<item>
				<NUMBER>0001420203</NUMBER>
				<VERSION>0008</VERSION>
				<ATTRIBUTES>
					<THEMK>BC-MID-ICF</THEMK>
					<INSTA/>
					<MNUMM/>
					<MYEAR>0000</MYEAR>
				</ATTRIBUTES>
				<TEXT>Fremden Zugriff auf eine stateful HTTP-Session ermöglichen</TEXT>
			</item>
			<item>
				<NUMBER>0001420398</NUMBER>
				<VERSION>0002</VERSION>
				<ATTRIBUTES>
					<THEMK>BC-MID-ICF</THEMK>
					<INSTA/>
					<MNUMM/>
					<MYEAR>0000</MYEAR>
				</ATTRIBUTES>
				<TEXT>ICF Systemanmeldung, Konfigurationsdialog "Links und Bilder"</TEXT>
			</item>
			<item>
				<NUMBER>0001423005</NUMBER>
				<VERSION>0002</VERSION>
				<ATTRIBUTES>
					<THEMK>BC-MID-ICF</THEMK>
					<INSTA/>
					<MNUMM/>
					<MYEAR>0000</MYEAR>
				</ATTRIBUTES>
				<TEXT>ICF Systemanmeldung, Chinesisch, Simplified und Traditional</TEXT>
			</item>
			<item>
				<NUMBER>0001426408</NUMBER>
				<VERSION>0003</VERSION>
				<ATTRIBUTES>
					<THEMK>BC-MID-ICF</THEMK>
					<INSTA/>
					<MNUMM/>
					<MYEAR>0000</MYEAR>
				</ATTRIBUTES>
				<TEXT>GZIP-Komprimierung für HTTP-Response entity</TEXT>
			</item>
			<item>
				<NUMBER>0001435656</NUMBER>
				<VERSION>0007</VERSION>
				<ATTRIBUTES>
					<THEMK>BC-FES-ITS</THEMK>
					<INSTA/>
					<MNUMM/>
					<MYEAR>0000</MYEAR>
				</ATTRIBUTES>
				<TEXT>Extend copyright range to "2010"</TEXT>
			</item>
			<item>
				<NUMBER>0001436936</NUMBER>
				<VERSION>0003</VERSION>
				<ATTRIBUTES>
					<THEMK>BC-WD-ABA-RUN</THEMK>
					<INSTA/>
					<MNUMM/>
					<MYEAR>0000</MYEAR>
				</ATTRIBUTES>
				<TEXT>Unauthorized changes can be made to Web Dynpro ABAP session</TEXT>
			</item>
			<item>
				<NUMBER>0001440535</NUMBER>
				<VERSION>0004</VERSION>
				<ATTRIBUTES>
					<THEMK>BC-MID-ICF-LGN</THEMK>
					<INSTA/>
					<MNUMM/>
					<MYEAR>0000</MYEAR>
				</ATTRIBUTES>
				<TEXT>ICF Systemanmeldung, Endlos-Loop nach/bei der Anmeldung</TEXT>
			</item>
			<item>
				<NUMBER>0001465767</NUMBER>
				<VERSION>0006</VERSION>
				<ATTRIBUTES>
					<THEMK>BC-FES-ITS</THEMK>
					<INSTA/>
					<MNUMM/>
					<MYEAR>0000</MYEAR>
				</ATTRIBUTES>
				<TEXT>Anmelde-Userexit SUSR0001 wird nicht gerufen</TEXT>
			</item>
			<item>
				<NUMBER>0001475155</NUMBER>
				<VERSION>0003</VERSION>
				<ATTRIBUTES>
					<THEMK>BC-FES-ITS</THEMK>
					<INSTA/>
					<MNUMM/>
					<MYEAR>0000</MYEAR>
				</ATTRIBUTES>
				<TEXT>ITS: ~sources param is limited to 255 chars length</TEXT>
			</item>
			<item>
				<NUMBER>0001481392</NUMBER>
				<VERSION>0006</VERSION>
				<ATTRIBUTES>
					<THEMK>BC-FES-ITS</THEMK>
					<INSTA/>
					<MNUMM/>
					<MYEAR>0000</MYEAR>
				</ATTRIBUTES>
				<TEXT>Cross Site Request Forgery Protection for ITS</TEXT>
			</item>
			<item>
				<NUMBER>0001484557</NUMBER>
				<VERSION>0002</VERSION>
				<ATTRIBUTES>
					<THEMK>BC-MID-ICF</THEMK>
					<INSTA/>
					<MNUMM/>
					<MYEAR>0000</MYEAR>
				</ATTRIBUTES>
				<TEXT>Bestimmung HTTP-Protokoll mittels Ticket-Protokoll-Parameter</TEXT>
			</item>
			<item>
				<NUMBER>0001487337</NUMBER>
				<VERSION>0005</VERSION>
				<ATTRIBUTES>
					<THEMK>BC-ABA-LA</THEMK>
					<INSTA/>
					<MNUMM/>
					<MYEAR>0000</MYEAR>
				</ATTRIBUTES>
				<TEXT>Downport CL_ABAP_DYN_PRG</TEXT>
			</item>
			<item>
				<NUMBER>0001502272</NUMBER>
				<VERSION>0001</VERSION>
				<ATTRIBUTES>
					<THEMK>BC-ABA-LA</THEMK>
					<INSTA/>
					<MNUMM/>
					<MYEAR>0000</MYEAR>
				</ATTRIBUTES>
				<TEXT>Function module for escaping quotes</TEXT>
			</item>
			<item>
				<NUMBER>0001503491</NUMBER>
				<VERSION>0002</VERSION>
				<ATTRIBUTES>
					<THEMK>BC-BSP</THEMK>
					<INSTA/>
					<MNUMM/>
					<MYEAR>0000</MYEAR>
				</ATTRIBUTES>
				<TEXT>BSP CONSTRUCT_BSP_URL when ticket_only_by_https</TEXT>
			</item>
			<item>
				<NUMBER>0001510419</NUMBER>
				<VERSION>0002</VERSION>
				<ATTRIBUTES>
					<THEMK>BC-FES-ITS</THEMK>
					<INSTA/>
					<MNUMM/>
					<MYEAR>0000</MYEAR>
				</ATTRIBUTES>
				<TEXT>IAC Template Library fixed for automatic HTML escaping</TEXT>
			</item>
			<item>
				<NUMBER>0001520324</NUMBER>
				<VERSION>0004</VERSION>
				<ATTRIBUTES>
					<THEMK>BC-BSP</THEMK>
					<INSTA/>
					<MNUMM/>
					<MYEAR>0000</MYEAR>
				</ATTRIBUTES>
				<TEXT>Advance creation of XSRF information</TEXT>
			</item>
			<item>
				<NUMBER>0001538717</NUMBER>
				<VERSION>0001</VERSION>
				<ATTRIBUTES>
					<THEMK>IS-R-BD-SIT</THEMK>
					<INSTA/>
					<MNUMM/>
					<MYEAR>0000</MYEAR>
				</ATTRIBUTES>
				<TEXT>WB02/03 Endlosschleife Anzeigen Änderungen</TEXT>
			</item>
			<item>
				<NUMBER>0001571684</NUMBER>
				<VERSION>0004</VERSION>
				<ATTRIBUTES>
					<THEMK>BC-FES-ITS</THEMK>
					<INSTA/>
					<MNUMM/>
					<MYEAR>0000</MYEAR>
				</ATTRIBUTES>
				<TEXT>Schutz vor Cross Site Request Forgery für ITSMobile Services</TEXT>
			</item>
			<item>
				<NUMBER>0001582870</NUMBER>
				<VERSION>0004</VERSION>
				<ATTRIBUTES>
					<THEMK>BC-ABA-LA</THEMK>
					<INSTA/>
					<MNUMM/>
					<MYEAR>0000</MYEAR>
				</ATTRIBUTES>
				<TEXT>ABAP XSS Escaping Support</TEXT>
			</item>
			<item>
				<NUMBER>0001585787</NUMBER>
				<VERSION>0003</VERSION>
				<ATTRIBUTES>
					<THEMK>BC-SRV-KPR-DMF</THEMK>
					<INSTA/>
					<MNUMM/>
					<MYEAR>0000</MYEAR>
				</ATTRIBUTES>
				<TEXT>Virus Scan profile enhancement for KPro</TEXT>
			</item>
			<item>
				<NUMBER>0001592264</NUMBER>
				<VERSION>0001</VERSION>
				<ATTRIBUTES>
					<THEMK>BC-SRV-BTF</THEMK>
					<INSTA/>
					<MNUMM/>
					<MYEAR>0000</MYEAR>
				</ATTRIBUTES>
				<TEXT>Unauthorized modification of stored content in BTF-Editor</TEXT>
			</item>
			<item>
				<NUMBER>0001640285</NUMBER>
				<VERSION>0002</VERSION>
				<ATTRIBUTES>
					<THEMK>BC-SEC-VIR</THEMK>
					<INSTA/>
					<MNUMM/>
					<MYEAR>0000</MYEAR>
				</ATTRIBUTES>
				<TEXT>Determine MIME type with Virus Scan Interface</TEXT>
			</item>
			<item>
				<NUMBER>0001659020</NUMBER>
				<VERSION>0002</VERSION>
				<ATTRIBUTES>
					<THEMK>BC-SRV-GBT-GOS</THEMK>
					<INSTA/>
					<MNUMM/>
					<MYEAR>0000</MYEAR>
				</ATTRIBUTES>
				<TEXT>GOS: Anwendungsspezifische VSI Profile</TEXT>
			</item>
			<item>
				<NUMBER>0001668657</NUMBER>
				<VERSION>0005</VERSION>
				<ATTRIBUTES>
					<THEMK>BC-WD-ABA</THEMK>
					<INSTA/>
					<MNUMM/>
					<MYEAR>0000</MYEAR>
				</ATTRIBUTES>
				<TEXT>WD ABAP: Applikationsspez. Virus Scan Profile für FileUpload</TEXT>
			</item>
			<item>
				<NUMBER>0001669429</NUMBER>
				<VERSION>0003</VERSION>
				<ATTRIBUTES>
					<THEMK>BC-SEC</THEMK>
					<INSTA/>
					<MNUMM/>
					<MYEAR>0000</MYEAR>
				</ATTRIBUTES>
				<TEXT>VSI customizing user-interface changes for MIME-check</TEXT>
			</item>
			<item>
				<NUMBER>0001669914</NUMBER>
				<VERSION>0004</VERSION>
				<ATTRIBUTES>
					<THEMK>BC-BSP</THEMK>
					<INSTA/>
					<MNUMM/>
					<MYEAR>0000</MYEAR>
				</ATTRIBUTES>
				<TEXT>Adaption of BSP classes to new Virus Scanner</TEXT>
			</item>
			<item>
				<NUMBER>0001670977</NUMBER>
				<VERSION>0002</VERSION>
				<ATTRIBUTES>
					<THEMK>BC-SRV-ARL</THEMK>
					<INSTA/>
					<MNUMM/>
					<MYEAR>0000</MYEAR>
				</ATTRIBUTES>
				<TEXT>Interface changes in ARL for virus scan profile parameter</TEXT>
			</item>
			<item>
				<NUMBER>0001687196</NUMBER>
				<VERSION>0002</VERSION>
				<ATTRIBUTES>
					<THEMK>BC-SRV-ARL</THEMK>
					<INSTA/>
					<MNUMM/>
					<MYEAR>0000</MYEAR>
				</ATTRIBUTES>
				<TEXT>Exception handling for policy failure in virus scan</TEXT>
			</item>
			<item>
				<NUMBER>0001688865</NUMBER>
				<VERSION>0002</VERSION>
				<ATTRIBUTES>
					<THEMK>BC-SRV-KPR-DMF</THEMK>
					<INSTA/>
					<MNUMM/>
					<MYEAR>0000</MYEAR>
				</ATTRIBUTES>
				<TEXT>Virus Scan profile enhancement for KPro</TEXT>
			</item>
			<item>
				<NUMBER>0001692988</NUMBER>
				<VERSION>0003</VERSION>
				<ATTRIBUTES>
					<THEMK>BC-SRV-COM-FTP</THEMK>
					<INSTA/>
					<MNUMM/>
					<MYEAR>0000</MYEAR>
				</ATTRIBUTES>
				<TEXT>Directory traversal in SFTP modules</TEXT>
			</item>
			<item>
				<NUMBER>0001702654</NUMBER>
				<VERSION>0001</VERSION>
				<ATTRIBUTES>
					<THEMK>BC-SRV-COM-FTP</THEMK>
					<INSTA/>
					<MNUMM/>
					<MYEAR>0000</MYEAR>
				</ATTRIBUTES>
				<TEXT>Security audit logs in SFTP modules</TEXT>
			</item>
			<item>
				<NUMBER>0001722330</NUMBER>
				<VERSION>0001</VERSION>
				<ATTRIBUTES>
					<THEMK>SV-SMG-UMP</THEMK>
					<INSTA/>
					<MNUMM/>
					<MYEAR>0000</MYEAR>
				</ATTRIBUTES>
				<TEXT>ST-PI: Korrektur Extraktor für "Usage"</TEXT>
			</item>
			<item>
				<NUMBER>0001882417</NUMBER>
				<VERSION>0008</VERSION>
				<ATTRIBUTES>
					<THEMK>BC-MID-RFC</THEMK>
					<INSTA/>
					<MNUMM/>
					<MYEAR>0000</MYEAR>
				</ATTRIBUTES>
				<TEXT>Extern-Prüfung für Remote Function Call</TEXT>
			</item>
			<item>
				<NUMBER>0001917367</NUMBER>
				<VERSION>0005</VERSION>
				<ATTRIBUTES>
					<THEMK>BC-SEC-AUT</THEMK>
					<INSTA/>
					<MNUMM/>
					<MYEAR>0000</MYEAR>
				</ATTRIBUTES>
				<TEXT>SACF|Ergänzende Korrekturen</TEXT>
			</item>
			<item>
				<NUMBER>0001919573</NUMBER>
				<VERSION>0006</VERSION>
				<ATTRIBUTES>
					<THEMK>BC-SEC</THEMK>
					<INSTA/>
					<MNUMM/>
					<MYEAR>0000</MYEAR>
				</ATTRIBUTES>
				<TEXT>SLDW|Umgebung zur Pflege schaltbarer Whitelisten</TEXT>
			</item>
			<item>
				<NUMBER>0001928625</NUMBER>
				<VERSION>0006</VERSION>
				<ATTRIBUTES>
					<THEMK>BC-SEC</THEMK>
					<INSTA/>
					<MNUMM/>
					<MYEAR>0000</MYEAR>
				</ATTRIBUTES>
				<TEXT>SLDW|Voraussetzung für initiale Implementierung</TEXT>
			</item>
			<item>
				<NUMBER>0001988903</NUMBER>
				<VERSION>0001</VERSION>
				<ATTRIBUTES>
					<THEMK>BC-MID-RFC</THEMK>
					<INSTA/>
					<MNUMM/>
					<MYEAR>0000</MYEAR>
				</ATTRIBUTES>
				<TEXT>Prüfung, ob ein Funktionsbaustein über externen RFC gerufen</TEXT>
			</item>
			<item>
				<NUMBER>0001989576</NUMBER>
				<VERSION>0006</VERSION>
				<ATTRIBUTES>
					<THEMK>BC-SEC</THEMK>
					<INSTA/>
					<MNUMM/>
					<MYEAR>0000</MYEAR>
				</ATTRIBUTES>
				<TEXT>SACF|Unvollständige Daten nach Import</TEXT>
			</item>
			<item>
				<NUMBER>0001995667</NUMBER>
				<VERSION>0003</VERSION>
				<ATTRIBUTES>
					<THEMK>BC-SEC-AUT</THEMK>
					<INSTA/>
					<MNUMM/>
					<MYEAR>0000</MYEAR>
				</ATTRIBUTES>
				<TEXT>SACF|Navigationsfehler</TEXT>
			</item>
			<item>
				<NUMBER>0002399707</NUMBER>
				<VERSION>0017</VERSION>
				<ATTRIBUTES>
					<THEMK>SV-SCS-S4R</THEMK>
					<INSTA/>
					<MNUMM/>
					<MYEAR>0000</MYEAR>
				</ATTRIBUTES>
				<TEXT>SAP Readiness Check for SAP S/4HANA - Simplification Item Check</TEXT>
			</item>
			<item>
				<NUMBER>0002415134</NUMBER>
				<VERSION>0002</VERSION>
				<ATTRIBUTES>
					<THEMK>BC-BW-ODP</THEMK>
					<INSTA/>
					<MNUMM/>
					<MYEAR>0000</MYEAR>
				</ATTRIBUTES>
				<TEXT>No generated D-Version DataSources in ODP source systems</TEXT>
			</item>
			<item>
				<NUMBER>0002468862</NUMBER>
				<VERSION>0001</VERSION>
				<ATTRIBUTES>
					<THEMK>SD-SLS-OA-SCH</THEMK>
					<INSTA/>
					<MNUMM/>
					<MYEAR>0000</MYEAR>
				</ATTRIBUTES>
				<TEXT>CMDS Lieferpläne: Geschäftsjahreswechsel Variante 'B' führt zu falscher Ermittlu</TEXT>
			</item>
			<item>
				<NUMBER>0002478047</NUMBER>
				<VERSION>0003</VERSION>
				<ATTRIBUTES>
					<THEMK>SD-EDI-IM</THEMK>
					<INSTA/>
					<MNUMM/>
					<MYEAR>0000</MYEAR>
				</ATTRIBUTES>
				<TEXT>EDI: Fehlermeldung 00349 mit Preisdatum bei Kontrakten</TEXT>
			</item>
			<item>
				<NUMBER>0002807124</NUMBER>
				<VERSION>0002</VERSION>
				<ATTRIBUTES>
					<THEMK>BC-SRV-ADR</THEMK>
					<INSTA/>
					<MNUMM/>
					<MYEAR>0000</MYEAR>
				</ATTRIBUTES>
				<TEXT>Mismatching parameter for interface IF_ADDRESS_COMM_CHECK</TEXT>
			</item>
			<item>
				<NUMBER>0002858440</NUMBER>
				<VERSION>0004</VERSION>
				<ATTRIBUTES>
					<THEMK>CA-GTF-CSC-DME</THEMK>
					<INSTA/>
					<MNUMM/>
					<MYEAR>0000</MYEAR>
				</ATTRIBUTES>
				<TEXT>DMEE - memory efficiency of DMEE_END_ABA</TEXT>
			</item>
			<item>
				<NUMBER>0002906784</NUMBER>
				<VERSION>0002</VERSION>
				<ATTRIBUTES>
					<THEMK>AP-MD-BP</THEMK>
					<INSTA/>
					<MNUMM/>
					<MYEAR>0000</MYEAR>
				</ATTRIBUTES>
				<TEXT>New BADI to skip address check in a Business Partner based on combination of  da</TEXT>
			</item>
			<item>
				<NUMBER>0002950618</NUMBER>
				<VERSION>0002</VERSION>
				<ATTRIBUTES>
					<THEMK>AP-MD-BP</THEMK>
					<INSTA/>
					<MNUMM/>
					<MYEAR>0000</MYEAR>
				</ATTRIBUTES>
				<TEXT>BADi BUPA_SKIP_ADDR_CHCK call for Skip address check for Inbound processing modu</TEXT>
			</item>
			<item>
				<NUMBER>0002969216</NUMBER>
				<VERSION>0002</VERSION>
				<ATTRIBUTES>
					<THEMK>CA-GTF-CSC-DME</THEMK>
					<INSTA/>
					<MNUMM/>
					<MYEAR>0000</MYEAR>
				</ATTRIBUTES>
				<TEXT>DMEE - memory efficiency of DMEE_END_ABA - prerequisite</TEXT>
			</item>
			<item>
				<NUMBER>0002989581</NUMBER>
				<VERSION>0002</VERSION>
				<ATTRIBUTES>
					<THEMK>FI-CF-INF</THEMK>
					<INSTA/>
					<MNUMM/>
					<MYEAR>0000</MYEAR>
				</ATTRIBUTES>
				<TEXT>Central Finance: UDO Report for SAP Note 2936227</TEXT>
			</item>
			<item>
				<NUMBER>0003000100</NUMBER>
				<VERSION>0003</VERSION>
				<ATTRIBUTES>
					<THEMK>XX-CSC-IE-FI</THEMK>
					<INSTA/>
					<MNUMM/>
					<MYEAR>0000</MYEAR>
				</ATTRIBUTES>
				<TEXT>GB: Use of central class for Northern Ireland Protocol</TEXT>
			</item>
			<item>
				<NUMBER>0003224173</NUMBER>
				<VERSION>0001</VERSION>
				<ATTRIBUTES>
					<THEMK>BC-UPG-NA</THEMK>
					<INSTA/>
					<MNUMM/>
					<MYEAR>0000</MYEAR>
				</ATTRIBUTES>
				<TEXT>SCWB Push: Push the changes to other system using the same transport multiple ti</TEXT>
			</item>
		</IMPLEMENTED_NOTE>
	</asx:values>
</asx:abap>