<?xml version="1.0" encoding="utf-8"?>
<RC_UDP_ORG_PROFILE>
	<collector>
		<CHECK_ID>CHECK00040</CHECK_ID>
		<TITLE>CHECK00040 - Sales Organizations</TITLE>
		<CHECK_START>20230113083835 </CHECK_START>
		<CHECK_END>20230113083835 </CHECK_END>
		<ACH>SD-BF-ACT</ACH>
		<CHECK_STATUS>OK</CHECK_STATUS>
		<INFO_MSG>Data collector successfully executed.</INFO_MSG>
		<KPI/>
		<TAB xmlns:asx="http://www.sap.com/abapxml">
			<item>
				<VKORG>Z100</VKORG>
				<VTEXT>Sales Org. Z100</VTEXT>
				<BUKRS>0001</BUKRS>
				<BUTXT>PremTop Tec SE</BUTXT>
				<LAND1>DE</LAND1>
				<ORT01>Walldorf</ORT01>
			</item>
			<item>
				<VKORG>Z200</VKORG>
				<VTEXT>Sales Org. Z200</VTEXT>
				<BUKRS>0001</BUKRS>
				<BUTXT>PremTop Tec SE</BUTXT>
				<LAND1>DE</LAND1>
				<ORT01>Walldorf</ORT01>
			</item>
			<item>
				<VKORG>Z300</VKORG>
				<VTEXT>Sales Org. Z300</VTEXT>
				<BUKRS>0001</BUKRS>
				<BUTXT>PremTop Tec SE</BUTXT>
				<LAND1>DE</LAND1>
				<ORT01>Walldorf</ORT01>
			</item>
			<item>
				<VKORG>U320</VKORG>
				<VTEXT>Sales Org. U320</VTEXT>
				<BUKRS>US01</BUKRS>
				<BUTXT>Country Template US</BUTXT>
				<LAND1>US</LAND1>
				<ORT01>Chicago</ORT01>
			</item>
			<item>
				<VKORG>U330</VKORG>
				<VTEXT>Sales Org. U330</VTEXT>
				<BUKRS>US01</BUKRS>
				<BUTXT>Country Template US</BUTXT>
				<LAND1>US</LAND1>
				<ORT01>Chicago</ORT01>
			</item>
			<item>
				<VKORG>U340</VKORG>
				<VTEXT>Sales Org. U340</VTEXT>
				<BUKRS>US01</BUKRS>
				<BUTXT>Country Template US</BUTXT>
				<LAND1>US</LAND1>
				<ORT01>Chicago</ORT01>
			</item>
			<item>
				<VKORG>D200</VKORG>
				<VTEXT>Sales Org. D200</VTEXT>
				<BUKRS>DE01</BUKRS>
				<BUTXT>Country Template DE</BUTXT>
				<LAND1>DE</LAND1>
				<ORT01>Berlin</ORT01>
			</item>
			<item>
				<VKORG>D201</VKORG>
				<VTEXT>Sales Org. D201</VTEXT>
				<BUKRS>DE01</BUKRS>
				<BUTXT>Country Template DE</BUTXT>
				<LAND1>DE</LAND1>
				<ORT01>Berlin</ORT01>
			</item>
			<item>
				<VKORG>D220</VKORG>
				<VTEXT>Sales Org. D220</VTEXT>
				<BUKRS>DE01</BUKRS>
				<BUTXT>Country Template DE</BUTXT>
				<LAND1>DE</LAND1>
				<ORT01>Berlin</ORT01>
			</item>
			<item>
				<VKORG>D230</VKORG>
				<VTEXT>Sales Org. D230</VTEXT>
				<BUKRS>DE01</BUKRS>
				<BUTXT>Country Template DE</BUTXT>
				<LAND1>DE</LAND1>
				<ORT01>Berlin</ORT01>
			</item>
			<item>
				<VKORG>B210</VKORG>
				<VTEXT>Sales Org. B210</VTEXT>
				<BUKRS>BE01</BUKRS>
				<BUTXT>Country Template BE</BUTXT>
				<LAND1>BE</LAND1>
				<ORT01>Brussel</ORT01>
			</item>
			<item>
				<VKORG>B220</VKORG>
				<VTEXT>Sales Org. B220</VTEXT>
				<BUKRS>BE01</BUKRS>
				<BUTXT>Country Template BE</BUTXT>
				<LAND1>BE</LAND1>
				<ORT01>Brussel</ORT01>
			</item>
			<item>
				<VKORG>C100</VKORG>
				<VTEXT>Sales Org. C100</VTEXT>
				<BUKRS>CA01</BUKRS>
				<BUTXT>Country Template CA</BUTXT>
				<LAND1>CA</LAND1>
				<ORT01>Ottawa</ORT01>
			</item>
			<item>
				<VKORG>E100</VKORG>
				<VTEXT>Sales Org. E100</VTEXT>
				<BUKRS>ES01</BUKRS>
				<BUTXT>Country Template ES</BUTXT>
				<LAND1>ES</LAND1>
				<ORT01>Madrid</ORT01>
			</item>
			<item>
				<VKORG>N100</VKORG>
				<VTEXT>Sales Org. N100</VTEXT>
				<BUKRS>NO01</BUKRS>
				<BUTXT>Country Template NO</BUTXT>
				<LAND1>NO</LAND1>
				<ORT01>Oslo</ORT01>
			</item>
			<item>
				<VKORG>N100</VKORG>
				<VTEXT>Sales Org. N100</VTEXT>
				<BUKRS>NO01</BUKRS>
				<BUTXT>Country Template NO</BUTXT>
				<LAND1>NO</LAND1>
				<ORT01>Oslo</ORT01>
			</item>
			<item>
				<VKORG>R100</VKORG>
				<VTEXT>Sales Org. R100</VTEXT>
				<BUKRS>RU01</BUKRS>
				<BUTXT>Country Template RU</BUTXT>
				<LAND1>RU</LAND1>
				<ORT01>Moscow</ORT01>
			</item>
			<item>
				<VKORG>R200</VKORG>
				<VTEXT>Sales Org. R200</VTEXT>
				<BUKRS>RU01</BUKRS>
				<BUTXT>Country Template RU</BUTXT>
				<LAND1>RU</LAND1>
				<ORT01>Moscow</ORT01>
			</item>
			<item>
				<VKORG>S800</VKORG>
				<VTEXT>Sales Org. S800</VTEXT>
				<BUKRS>SG01</BUKRS>
				<BUTXT>Country Template SG</BUTXT>
				<LAND1>SG</LAND1>
				<ORT01>Singapore</ORT01>
			</item>
		</TAB>
	</collector>
	<collector>
		<CHECK_ID>CHECK00070</CHECK_ID>
		<TITLE>CHECK00070 - Purchasing Organizations</TITLE>
		<CHECK_START>20230113083835 </CHECK_START>
		<CHECK_END>20230113083835 </CHECK_END>
		<ACH>MM-PUR</ACH>
		<CHECK_STATUS>OK</CHECK_STATUS>
		<INFO_MSG>Data collector successfully executed.</INFO_MSG>
		<KPI/>
		<TAB xmlns:asx="http://www.sap.com/abapxml">
			<item>
				<PURCH_ORG>P100</PURCH_ORG>
				<NAME>Purch Org P100</NAME>
				<VENDORS>674</VENDORS>
				<EVAL_CNT>447</EVAL_CNT>
				<PURCH_ORDERS>10442</PURCH_ORDERS>
				<PURCH_REQUISITIONS>2607</PURCH_REQUISITIONS>
				<BUKRS>0001</BUKRS>
				<LAND1>DE</LAND1>
				<ORT01>Walldorf</ORT01>
			</item>
			<item>
				<PURCH_ORG>P200</PURCH_ORG>
				<NAME>Purch Org P200</NAME>
				<VENDORS>26</VENDORS>
				<EVAL_CNT>0</EVAL_CNT>
				<PURCH_ORDERS>29</PURCH_ORDERS>
				<PURCH_REQUISITIONS>47</PURCH_REQUISITIONS>
				<BUKRS>0001</BUKRS>
				<LAND1>DE</LAND1>
				<ORT01>Walldorf</ORT01>
			</item>
			<item>
				<PURCH_ORG>P300</PURCH_ORG>
				<NAME>Purch Org P230</NAME>
				<VENDORS>26</VENDORS>
				<EVAL_CNT>0</EVAL_CNT>
				<PURCH_ORDERS>29</PURCH_ORDERS>
				<PURCH_REQUISITIONS>47</PURCH_REQUISITIONS>
				<BUKRS>0001</BUKRS>
				<LAND1>DE</LAND1>
				<ORT01>Walldorf</ORT01>
			</item>
			<item>
				<PURCH_ORG>U220</PURCH_ORG>
				<NAME>Purch Org U220</NAME>
				<VENDORS>12</VENDORS>
				<EVAL_CNT>0</EVAL_CNT>
				<PURCH_ORDERS>68</PURCH_ORDERS>
				<PURCH_REQUISITIONS>2</PURCH_REQUISITIONS>
				<BUKRS>US01</BUKRS>
				<LAND1>US</LAND1>
				<ORT01>Chicago</ORT01>
			</item>
			<item>
				<PURCH_ORG>U230</PURCH_ORG>
				<NAME>Purch Org U230</NAME>
				<VENDORS>12</VENDORS>
				<EVAL_CNT>0</EVAL_CNT>
				<PURCH_ORDERS>68</PURCH_ORDERS>
				<PURCH_REQUISITIONS>2</PURCH_REQUISITIONS>
				<BUKRS>US01</BUKRS>
				<LAND1>US</LAND1>
				<ORT01>Chicago</ORT01>
			</item>
			<item>
				<PURCH_ORG>U250</PURCH_ORG>
				<NAME>Purch Org U250</NAME>
				<VENDORS>12</VENDORS>
				<EVAL_CNT>0</EVAL_CNT>
				<PURCH_ORDERS>68</PURCH_ORDERS>
				<PURCH_REQUISITIONS>2</PURCH_REQUISITIONS>
				<BUKRS>US01</BUKRS>
				<LAND1>US</LAND1>
				<ORT01>Chicago</ORT01>
			</item>
			<item>
				<PURCH_ORG>U260</PURCH_ORG>
				<NAME>Purch Org U260</NAME>
				<VENDORS>12</VENDORS>
				<EVAL_CNT>0</EVAL_CNT>
				<PURCH_ORDERS>68</PURCH_ORDERS>
				<PURCH_REQUISITIONS>2</PURCH_REQUISITIONS>
				<BUKRS>US01</BUKRS>
				<LAND1>US</LAND1>
				<ORT01>Chicago</ORT01>
			</item>
			<item>
				<PURCH_ORG>S300</PURCH_ORG>
				<NAME>Purch Org S300</NAME>
				<VENDORS>12</VENDORS>
				<EVAL_CNT>0</EVAL_CNT>
				<PURCH_ORDERS>68</PURCH_ORDERS>
				<PURCH_REQUISITIONS>2</PURCH_REQUISITIONS>
				<BUKRS>SG01</BUKRS>
				<LAND1>SG</LAND1>
				<ORT01>Singapore</ORT01>
			</item>
			<item>
				<PURCH_ORG>R200</PURCH_ORG>
				<NAME>Purch Org R200</NAME>
				<VENDORS>12</VENDORS>
				<EVAL_CNT>0</EVAL_CNT>
				<PURCH_ORDERS>68</PURCH_ORDERS>
				<PURCH_REQUISITIONS>2</PURCH_REQUISITIONS>
				<BUKRS>RU01</BUKRS>
				<LAND1>RU</LAND1>
				<ORT01>Moscow</ORT01>
			</item>
			<item>
				<PURCH_ORG>R300</PURCH_ORG>
				<NAME>Purch Org R300</NAME>
				<VENDORS>12</VENDORS>
				<EVAL_CNT>0</EVAL_CNT>
				<PURCH_ORDERS>68</PURCH_ORDERS>
				<PURCH_REQUISITIONS>2</PURCH_REQUISITIONS>
				<BUKRS>RU01</BUKRS>
				<LAND1>RU</LAND1>
				<ORT01>Moscow</ORT01>
			</item>
			<item>
				<PURCH_ORG>N400</PURCH_ORG>
				<NAME>Purch Org N400</NAME>
				<VENDORS>12</VENDORS>
				<EVAL_CNT>0</EVAL_CNT>
				<PURCH_ORDERS>68</PURCH_ORDERS>
				<PURCH_REQUISITIONS>2</PURCH_REQUISITIONS>
				<BUKRS>NO01</BUKRS>
				<LAND1>NO</LAND1>
				<ORT01>Oslo</ORT01>
			</item>
			<item>
				<PURCH_ORG>E100</PURCH_ORG>
				<NAME>Purch Org E100</NAME>
				<VENDORS>12</VENDORS>
				<EVAL_CNT>0</EVAL_CNT>
				<PURCH_ORDERS>68</PURCH_ORDERS>
				<PURCH_REQUISITIONS>2</PURCH_REQUISITIONS>
				<BUKRS>ES01</BUKRS>
				<LAND1>ES</LAND1>
				<ORT01>Madrid</ORT01>
			</item>
			<item>
				<PURCH_ORG>C100</PURCH_ORG>
				<NAME>Purch Org C100</NAME>
				<VENDORS>12</VENDORS>
				<EVAL_CNT>0</EVAL_CNT>
				<PURCH_ORDERS>68</PURCH_ORDERS>
				<PURCH_REQUISITIONS>2</PURCH_REQUISITIONS>
				<BUKRS>CA01</BUKRS>
				<LAND1>CA</LAND1>
				<ORT01>Ottawa</ORT01>
			</item>
			<item>
				<PURCH_ORG>B100</PURCH_ORG>
				<NAME>Purch Org B100</NAME>
				<VENDORS>12</VENDORS>
				<EVAL_CNT>0</EVAL_CNT>
				<PURCH_ORDERS>68</PURCH_ORDERS>
				<PURCH_REQUISITIONS>2</PURCH_REQUISITIONS>
				<BUKRS>BE01</BUKRS>
				<LAND1>BE</LAND1>
				<ORT01>Brussel</ORT01>
			</item>
			<item>
				<PURCH_ORG>D100</PURCH_ORG>
				<NAME>Purch Org D100</NAME>
				<VENDORS>12</VENDORS>
				<EVAL_CNT>0</EVAL_CNT>
				<PURCH_ORDERS>68</PURCH_ORDERS>
				<PURCH_REQUISITIONS>2</PURCH_REQUISITIONS>
				<BUKRS>DE01</BUKRS>
				<LAND1>DE</LAND1>
				<ORT01>Berlin</ORT01>
			</item>
			<item>
				<PURCH_ORG>D200</PURCH_ORG>
				<NAME>Purch Org D200</NAME>
				<VENDORS>12</VENDORS>
				<EVAL_CNT>0</EVAL_CNT>
				<PURCH_ORDERS>68</PURCH_ORDERS>
				<PURCH_REQUISITIONS>2</PURCH_REQUISITIONS>
				<BUKRS>DE01</BUKRS>
				<LAND1>DE</LAND1>
				<ORT01>Berlin</ORT01>
			</item>
		</TAB>
	</collector>
	<collector>
		<CHECK_ID>CHECK00180</CHECK_ID>
		<TITLE>CHECK00180 - Company Codes - Organizational Assignment</TITLE>
		<CHECK_START>20230113083835 </CHECK_START>
		<CHECK_END>20230113083835 </CHECK_END>
		<ACH>FI</ACH>
		<CHECK_STATUS>OK</CHECK_STATUS>
		<INFO_MSG>Data collector successfully executed.</INFO_MSG>
		<KPI>
			<item>
				<KPI_ID>KPI_1</KPI_ID>
				<KPI_VALUE1>84</KPI_VALUE1>
				<KPI_VALUE2/>
				<KPI_VALUE3/>
			</item>
			<item>
				<KPI_ID>KPI_2</KPI_ID>
				<KPI_VALUE1>8</KPI_VALUE1>
				<KPI_VALUE2/>
				<KPI_VALUE3/>
			</item>
			<item>
				<KPI_ID>KPI_3</KPI_ID>
				<KPI_VALUE1>5</KPI_VALUE1>
				<KPI_VALUE2/>
				<KPI_VALUE3/>
			</item>
		</KPI>
		<TAB xmlns:asx="http://www.sap.com/abapxml">
			<item>
				<BUKRS>0001</BUKRS>
				<BUTXT>PremTop Tec SE</BUTXT>
				<ORT01>Walldorf</ORT01>
				<LAND1>DE</LAND1>
				<WAERS>EUR</WAERS>
				<KTOPL>INT</KTOPL>
				<KTOP2/>
				<PERIV>K4</PERIV>
				<RCOMP/>
				<FIKRS/>
				<KKBER>0001</KKBER>
			</item>
			<item>
				<BUKRS>BE01</BUKRS>
				<BUTXT>PremTop Tec Belgium BV</BUTXT>
				<ORT01>Brussel</ORT01>
				<LAND1>BE</LAND1>
				<WAERS>EUR</WAERS>
				<KTOPL>CABE</KTOPL>
				<KTOP2/>
				<PERIV>K4</PERIV>
				<RCOMP/>
				<FIKRS/>
				<KKBER>0001</KKBER>
			</item>
			<item>
				<BUKRS>NL01</BUKRS>
				<BUTXT>PremTop Tec Belgium BV</BUTXT>
				<ORT01>Amsterdam</ORT01>
				<LAND1>NL</LAND1>
				<WAERS>EUR</WAERS>
				<KTOPL>CABE</KTOPL>
				<KTOP2/>
				<PERIV>K4</PERIV>
				<RCOMP/>
				<FIKRS/>
				<KKBER>0001</KKBER>
			</item>
			<item>
				<BUKRS>CA01</BUKRS>
				<BUTXT>PremTop Tec Canada Inc</BUTXT>
				<ORT01>Ottawa</ORT01>
				<LAND1>CA</LAND1>
				<WAERS>CAD</WAERS>
				<KTOPL>CANA</KTOPL>
				<KTOP2/>
				<PERIV>K4</PERIV>
				<RCOMP/>
				<FIKRS/>
				<KKBER>0001</KKBER>
			</item>
			<item>
				<BUKRS>DE01</BUKRS>
				<BUTXT>PremTop Tec Germany GmbH</BUTXT>
				<ORT01>Berlin</ORT01>
				<LAND1>DE</LAND1>
				<WAERS>EUR</WAERS>
				<KTOPL>GKR</KTOPL>
				<KTOP2/>
				<PERIV>K4</PERIV>
				<RCOMP>005555</RCOMP>
				<FIKRS/>
				<KKBER>0001</KKBER>
			</item>
			<item>
				<BUKRS>ES01</BUKRS>
				<BUTXT>PremTop Tec Espania SL</BUTXT>
				<ORT01>Madrid</ORT01>
				<LAND1>ES</LAND1>
				<WAERS>EUR</WAERS>
				<KTOPL>CAES</KTOPL>
				<KTOP2/>
				<PERIV>K4</PERIV>
				<RCOMP/>
				<FIKRS/>
				<KKBER>0001</KKBER>
			</item>
			<item>
				<BUKRS>NO01</BUKRS>
				<BUTXT>PremTop Tec Norge AS</BUTXT>
				<ORT01>Oslo</ORT01>
				<LAND1>NO</LAND1>
				<WAERS>NOK</WAERS>
				<KTOPL>CANO</KTOPL>
				<KTOP2/>
				<PERIV>K4</PERIV>
				<RCOMP/>
				<FIKRS/>
				<KKBER>0001</KKBER>
			</item>
			<item>
				<BUKRS>RU01</BUKRS>
				<BUTXT>PremTop Tec Rossiya OOO</BUTXT>
				<ORT01>Moscow</ORT01>
				<LAND1>RU</LAND1>
				<WAERS>RUB</WAERS>
				<KTOPL>CARU</KTOPL>
				<KTOP2/>
				<PERIV>K4</PERIV>
				<RCOMP/>
				<FIKRS/>
				<KKBER>0001</KKBER>
			</item>
			<item>
				<BUKRS>SG01</BUKRS>
				<BUTXT>PremTop Tec Singapore PLC</BUTXT>
				<ORT01>Singapore</ORT01>
				<LAND1>SG</LAND1>
				<WAERS>SGD</WAERS>
				<KTOPL>INT</KTOPL>
				<KTOP2/>
				<PERIV>K4</PERIV>
				<RCOMP/>
				<FIKRS/>
				<KKBER>0001</KKBER>
			</item>
			<item>
				<BUKRS>US01</BUKRS>
				<BUTXT>PremTop Tec America Inc</BUTXT>
				<ORT01>Chicago</ORT01>
				<LAND1>US</LAND1>
				<WAERS>USD</WAERS>
				<KTOPL>CANA</KTOPL>
				<KTOP2/>
				<PERIV>K4</PERIV>
				<RCOMP/>
				<FIKRS/>
				<KKBER>0001</KKBER>
			</item>
		</TAB>
	</collector>
</RC_UDP_ORG_PROFILE>