<?xml version="1.0" encoding="utf-8"?>
<asx:abap xmlns:asx="http://www.sap.com/abapxml" version="1.0">
	<asx:values>
		<HEADER_DATA>
			<item>
				<KEY>UsageSystem</KEY>
				<VALUE>PTP</VALUE>
			</item>
			<item>
				<KEY>UsageSystemClient</KEY>
				<VALUE>920</VALUE>
			</item>
			<item>
				<KEY>AnalysisDataTimestamp</KEY>
				<VALUE>20230113083841 </VALUE>
			</item>
			<item>
				<KEY>ExtractingProgram</KEY>
				<VALUE>RC_UDP_COLLECT_ANALYSIS_DATA</VALUE>
			</item>
			<item>
				<KEY>ANALYSIS_START</KEY>
				<VALUE>20230113 / 093835</VALUE>
			</item>
			<item>
				<KEY>ANALYSIS_END</KEY>
				<VALUE>20230113 / 093841</VALUE>
			</item>
			<item>
				<KEY>USER</KEY>
				<VALUE>SMITH</VALUE>
			</item>
			<item>
				<KEY>LANGUAGE</KEY>
				<VALUE>E</VALUE>
			</item>
		</HEADER_DATA>
	</asx:values>
</asx:abap>